"V1","V2","V3","V4","V5","V6","V7","V8","V9","V10","V11","V12","V13","V14","V15","V16","V17","V18","V19","V20","V21","V22","V23","V24","V25","V26","V27","V28","V29","V30","V31","V32","V33","V34","V35","V36","V37","V38","V39","V40","V41","V42","V43","V44","V45","V46","V47","V48","V49","V50","V51","V52","V53","V54","V55","V56","V57","V58","V59","V60","V61","V62","V63","V64","V65","V66","V67","V68","V69","V70","V71","V72","V73","V74","V75","V76","V77","V78","V79","V80","V81","V82","V83","V84","V85","V86","V87","V88","V89","V90","V91","V92","V93","V94","V95","V96","V97","V98","V99","V100","V101","V102","V103","V104","V105","V106","V107","V108","V109","V110","V111","V112","V113","V114","V115","V116","V117","V118","V119","V120","V121","V122","V123"
24612.3049218457,4005.76277320338,4212.95739940356,11810.09369341,19682.7107399107,25256.8619697301,13077.7742500078,60431.765975051,NA,7320.87679240618,40886.4062368345,13209.8729798059,9180.86172096508,3962.96189394176,1657.5570096014,5663.31978280478,5878.39347601361,2103.70321889967,3764.81379924467,2949.56169066373,552.519003200466,483.454127800408,3830.8631641437,990.74047348544,522.287106635311,138.129750800117,NA,66.0493648990293,NA,NA,207.194626200175,660.493648990293,3176.98426840268,69.0648754000583,NA,132.098729798059,1783.33285227379,18233.1271056154,46895.0490783108,4491.356813134,414.38925240035,NA,NA,276.259501600233,4696.41152720396,17818.737853215,4558.28177640385,3170.36951515341,4227.15935353788,10832.0958434408,22324.6853358719,12219.1325063204,14134.5640883923,35534.5583156778,98281.4549697557,10237.6515593495,2377.77713636506,6077.52269539271,7942.4606710067,2210.07601280187,3302.46824495147,3038.85451760257,5248.93053040443,4903.60615340414,12777.0019490108,5939.57928440501,1657.5570096014,5939.57928440501,147290.083724835,7925.92378788352,100144.069330085,2047.53031186991,119136.541936624,2071.94626200175,5495.30715959924,2492.42703641238,3302.46824495147,NA,NA,NA,NA,NA,NA,NA,NA,NA,NA,NA,NA,NA,NA,NA,NA,NA,NA,NA,NA,NA,NA,NA,NA,NA,NA,NA,NA,NA,NA,NA,NA,NA,NA,NA,NA,NA,NA,NA,NA,NA,NA,NA,NA,NA,NA
NA,114.668405345474,8988.25357824418,99.0471564502331,57.3342026727371,134459.958010778,227640.236494513,89511.2046771298,46543.4382636305,NA,NA,NA,35680.1853337632,28037.1806205558,17266.2188500146,25318.2632279064,569.575552298427,8811.81354263315,3315.1140192028,10786.8751987406,12707.9370736107,6768.35778920571,20166.943616817,4005.76277320338,43847.5205557134,84746.0608595399,NA,11882.1978458337,8609.24294196792,6671.32412151583,27030.7207512602,17904.4630762777,3165.73229022876,9620.94002660443,7426.69054685254,7292.53534562743,17397.0609427767,5801.15141001376,38287.286953844,30044.3390304489,16713.6998468141,7784.19921474517,4709.76241071772,16715.0664924079,9254.69330360781,6920.32528229442,4558.28177640385,1899.43937413726,7873.39579560665,1381.29750800117,3206.98000886814,3038.19158734877,3190.484213712,NA,NA,NA,NA,506.517166436602,886.405041264054,108.511489304999,379.887874827452,552.519003200466,5751.10893316495,1519.42725880128,151.927819700572,NA,NA,3154.8996116786,2348.20576360198,NA,NA,NA,NA,253.258583218301,126.629291609151,126.629291609151,3646.26767281372,605.643705358191,2659.21512379216,7182.74704160606,8004.47306667072,NA,NA,NA,NA,NA,NA,NA,NA,NA,NA,NA,NA,NA,NA,NA,NA,NA,NA,NA,NA,NA,NA,NA,NA,NA,NA,NA,NA,NA,NA,NA,NA,NA,NA,NA,NA,NA,NA,NA,NA,NA,NA
NA,20331.5752752621,7361.43242725006,17553.9958380151,8507.95790323201,NA,3855.98841427384,4178.76662310197,2582.77293490972,1823.13383640686,18994.3937413726,3472.36765775997,1266.29291609151,414.38925240035,253.25861528826,NA,NA,NA,2103.26640778573,3494.33985311315,6906.48754000583,5751.10893316495,5608.71042076195,7977.64537137649,15195.5149930981,12695.8442486849,4673.92535063496,8659.88572293258,5318.43024758432,16461.8079091896,9115.66918203429,NA,3038.05147791272,3972.83654803971,1161.94854480693,3292.36158183791,3453.24377000291,1772.81008252811,3950.12331221486,5191.80095597517,8610.79182942224,6078.20599723923,5663.31978280478,8230.90395459479,7091.24033011243,6768.35778920571,4558.28177640385,6492.09828760548,6630.2280384056,33303.5036932066,3176.98426840268,2453.81080908335,16968.3250756262,10130.343328732,1646.18079091896,1139.66362448236,NA,151.927819700572,NA,NA,126.629291609151,325.534467914997,NA,138.129750800117,NA,3292.36158183791,15746.7915912133,8978.43380200758,2170.22978609998,2026.06866574641,13503.0737215501,2886.62857431086,2700.61474431002,NA,414.38925240035,1933.81651120163,701.088802595244,NA,NA,NA,NA,NA,NA,NA,NA,NA,NA,NA,NA,NA,NA,NA,NA,NA,NA,NA,NA,NA,NA,NA,NA,NA,NA,NA,NA,NA,NA,NA,NA,NA,NA,NA,NA,NA,NA,NA,NA,NA,NA,NA,NA,NA,NA
625.664601049883,506.365264558128,379.819520398853,506.426040021837,987.530753037018,759.547896837192,531.747328558394,983.187230221245,NA,178.761314585681,357.522629171362,89.3806572928404,474.806438033439,1085.11489304999,325.534467914997,75.9639040797706,NA,NA,151.927808159541,NA,94.9612876066878,168.788421519376,NA,NA,75.9639040797706,178.761314585681,NA,959.489551558571,506.426040021837,4282.02227480361,1139.66362448236,828.778504800699,2804.35521038098,2026.06866574641,633.146458045753,2336.96267531748,2061.71829679498,1410.64936096499,3418.99087344707,7471.12820493988,12154.2255760457,6204.83528884838,3545.62016505622,4972.6710288042,3798.87874827452,25452.4876134393,17728.1008252811,7478.28056101593,6076.64340107995,3729.50327160315,1139.66362448236,5859.62042246995,6492.09828760548,138.129750800117,506.517166436602,303.855639401143,8287.785048007,7127.73615971831,4709.76241071772,1671.20601670629,1844.69531818498,2025.70416008735,4938.54237275687,3972.83654803971,5110.80077960431,12293.5478212104,7974.05773217798,7711.97682854768,3315.1140192028,3146.83318984497,2658.91605298726,1736.18382887999,2624.46526520222,2604.27574331998,868.091914439993,4282.02227480361,976.603403744992,13977.3594124526,18785.6461088159,3292.36158183791,18509.3866072156,5824.94741402093,6192.95108959132,3798.87874827452,3453.24377000291,NA,138.129750800117,126.629291609151,337.576843038752,3713.34527342627,NA,NA,NA,NA,NA,NA,NA,NA,NA,NA,NA,NA,NA,NA,NA,NA,NA,NA,NA,NA,NA,NA,NA,NA,NA,NA,NA,NA,NA,NA,NA,NA,NA
12291.9118772224,4575.85197911996,3237.10773291082,4752.68909497908,2278.91724934445,14138.5746587122,6666.61206723119,1270.85652823537,20285.4922822778,6157.52771107961,1864.34170830502,3760.58924362305,4270.62663157327,3164.7829034883,1994.18703974044,9510.98586190614,NA,6666.005897296,843.94210759688,1682.08324608164,15144.3736281382,4321.01629470885,19204.7352001788,28453.5907595413,NA,4781.61025742464,3497.43221814433,159.914925259762,79863.3865114437,NA,645.196807148349,NA,1012.85208004367,9278.52293217901,2939.80347967716,NA,1055.11751184419,NA,NA,NA,NA,NA,NA,NA,NA,NA,NA,NA,NA,415.949866236563,4931.93424145987,2031.71989944036,NA,NA,NA,NA,NA,241.308476993412,1386.49955412188,NA,1025.61524826083,NA,536.283943757043,NA,3146.9504596405,1627.67233957499,976.603403744992,2072.26674681729,2765.12917349292,1627.67233957499,5151.07300514064,824.915164234858,3004.07348105736,379.887874827452,3154.8996116786,NA,NA,NA,NA,NA,NA,NA,NA,NA,NA,NA,NA,NA,NA,NA,NA,NA,NA,NA,NA,NA,NA,2921.20334414685,949.292587164045,651.068935829995,217.022978609998,NA,2363.03790127126,2659.21512379216,690.648754000583,138.129750800117,253.258583218301,1844.69531818498,NA,151.927819700572,276.259501600233,NA,233.696267531748,868.091914439993,2152.69795735556,886.405041264054,NA,89.3806572928404,94.9612876066878,138.129750800117,NA,NA,253.258583218301
1728.43061865717,1304.41641637218,904.436841547368,1047.93407656311,1013.0343328732,104.793407656311,96.1621031498185,452.218420773684,424.389602556591,565.649663587943,NA,NA,NA,715.954968978069,234.621884543978,715.045258342724,404.035473991388,1196.92864427023,787.836879049482,454.850162804519,1932.00586381343,888.444271888824,7918.14333901844,1399.35503726333,1077.63428239148,112.548125578497,81.6749773678638,377.424967208847,345.239651556524,NA,NA,NA,539.367974001744,2304.21530587818,1528.20925967161,17065.357823093,738.504751539571,1266.11767804147,629.262636335369,NA,NA,NA,347.943480061099,93.7901011301145,NA,NA,NA,NA,NA,NA,NA,86.3099104059975,776.346884209415,509.913586984068,2410.24837609516,1487.60727507962,1403.5490968079,260.447662651519,NA,77.5124818349499,2293.00078707252,350.544401297622,1467.26847690196,1335.48647139684,1450.802229627,2184.10961495382,2142.66068591633,2371.09810558921,NA,NA,NA,NA,NA,NA,NA,NA,NA,NA,NA,NA,NA,NA,NA,330.246846307741,893.593659506189,2772.71522840302,217.022978609998,467.392535063496,313.329981746962,1587.10077046941,2829.4220067204,10509.586940749,3695.03785155719,3863.2079280238,364.626734043205,1663.60046616303,2278.91729550857,1133.64340747815,1899.43937413726,1705.2746003689,NA,NA,NA,1552.69376841883,2762.69922514787,2056.29942187142,3826.63626966891,9023.09913378248,2864.77062030754,1622.15593667044,22146.1995559971,58823.0608457163,3107.15686400872,3388.6866183061,132.098738523096,NA,NA,4755.22756083502,701.088802595244,NA,NA,NA,NA
8124.13423897384,1138.33604379276,534.927846257458,3477.50934557758,5064.39536974992,18425.3519895832,8270.37899901614,1301.84614802251,2721.89688575215,1872.2474619011,392.130182515033,203.225865124887,1370.61841846168,1535.41668905816,1748.67845722938,238.428211729749,234.059161926175,250.958488518857,NA,NA,1198.33289503876,1094.70338039948,760.23536462974,800.198072952978,1986.85511804962,1204.242942676,1342.01471241226,1447.60556170057,872.875558181758,741.169562709183,462.90760883539,612.120901916389,335.868356671039,677.425378290384,485.679727437568,NA,1210.48492759101,696.3247063871,916.559235343877,3968.0079992799,1224.22450198119,1351.22488154773,1608.35122043224,14979.2656032206,5017.4534051054,3802.68653065205,2520.49248555054,1056.81446809395,497.76849037734,279.908115969703,840.447566343997,1000.21058979327,1625.80692099909,3925.81250774857,686.227819401307,9979.70500869331,932.624335356789,3679.97889491215,2530.43258815662,103.127708713724,2505.20629380386,262.436424776098,NA,479.870626878993,109.667088007619,NA,NA,NA,107.955709658733,NA,NA,NA,NA,74.7119034291867,NA,479.870626878993,172.772847848542,NA,NA,NA,NA,NA,85.8360109876961,157.032500309943,83.7575233101375,NA,NA,NA,1732.78139685892,2774.65400835253,10101.8185604598,1339.9632331955,78.9770887465546,142.304017306445,1382.23084055276,200.798172736628,357.776581690912,1618.9903684644,407.221436918305,851.840719676977,NA,NA,NA,NA,NA,NA,NA,NA,NA,NA,NA,NA,NA,NA,NA,NA,NA,NA,NA,NA,NA,NA,NA
NA,NA,286.315896766799,NA,3151.91695291007,1030.95675953795,1697.96308489329,5766.14394169275,257.554757107191,682.428593515427,1577.60877330776,823.330779178294,2464.26114674103,1090.21489303629,226.763471488726,NA,77.9757009001827,NA,NA,690.293289051479,1281.9492105217,1060.52583557593,1073.6846128755,625.960105434216,2282.37972893032,238.489938944191,3518.04868154454,2637.66303055493,3271.08316685337,1289.91769103104,498.07900267649,455.950581731063,77.3644470445775,936.49955508467,375.500796024138,NA,NA,NA,NA,NA,NA,NA,NA,NA,69.845712915541,164.634405841426,402.497793976674,225.372681901109,3449.82261751348,1598.90446111856,2296.58730294489,724.582182364728,2351.61735423059,NA,NA,NA,NA,5279.28463829874,8033.85017217286,512.105141330777,NA,NA,NA,NA,1212.14549824492,225.116672343359,925.284010143889,738.348655175451,2853.85234393277,516.844058622816,1106.13391815863,2020.45176104072,897.86697823195,675.912397247234,NA,NA,NA,NA,NA,NA,75.335082915299,1013.24088716477,234.681240684621,297.747273900397,374.157733526059,796.614648454318,764.944783608212,7517.32963432059,296.457019920652,NA,2846.59035407389,4283.69078820599,1051.69973607946,994.428218690676,308.072042030885,73.6982403439644,NA,75.1013774719149,155.74636735226,NA,NA,NA,NA,NA,NA,NA,81.8210016674302,73.6173737001932,226.855708048803,NA,NA,NA,362.632938515513,1693.2695779709,1275.68385690824,696.30905909691,3086.33239528902,4821.96895379242,NA,NA,NA,NA,NA
NA,NA,NA,NA,NA,95.6302887135794,87.0648531289933,219.990830782173,693.431852021643,1812.45774707877,615.287629826789,NA,NA,NA,82.4521806210661,1839.12034260973,1161.22487092302,707.536434392151,2694.41555432211,697.98559032015,307.314830522017,405.459265737597,336.801944290264,268.969282811339,131.835819053756,271.053100928791,69.6285830346615,NA,NA,NA,NA,NA,NA,NA,81.3314147794796,98.7501294861073,164.477917893775,239.982318102802,359.638491388456,1337.63954181387,5619.54302859512,2252.12626146314,1052.62176503016,3744.40083361596,2964.04265957979,8859.37750204966,1498.60577211991,76.0783555328707,NA,78.777623373636,NA,NA,NA,NA,NA,NA,1097.58262131581,6558.31658969389,221.842821698713,NA,NA,NA,74.411228594866,8015.96086131283,1417.23313723799,573.952198247681,1480.59889446018,NA,242.857736123898,2473.83117661483,285.772562904792,566.259071027928,147.692914823798,725.725158689885,286.56556967695,76.8146559905561,NA,NA,NA,80.3600063998709,214.573672153745,139.087755402499,285.210705469393,359.595478101247,1920.45421729612,5898.78346400926,4789.21898913356,3356.60479872157,NA,1822.87050626874,5581.57633284056,NA,3083.52916079511,3943.98998434906,9612.42024999815,2215.69457951049,143.117371128532,76.5662722048889,NA,NA,75.7845194507411,NA,NA,NA,NA,NA,NA,NA,NA,NA,NA,NA,NA,NA,987.477863743995,1200.33654435862,2368.7208261524,15504.7902692749,2375.78853469609,3132.81053082001,NA,NA,NA
NA,225.190522689929,81.5041426518106,NA,NA,NA,1513.6320730138,858.41908105379,7487.62493378872,530.463294516555,NA,13427.3270837445,2807.455568318,5239.39418441739,1115.45585297162,159.704202164579,NA,NA,NA,NA,NA,1329.27326363093,1201.78229120915,1231.79485416297,454.130131897556,NA,NA,983.894225467397,2160.51727277386,6679.7371342569,1091.9783610838,867.800626566516,NA,319.824326893724,76.0953236988537,71.8106244680628,NA,NA,NA,NA,NA,NA,NA,NA,NA,176.645019997099,NA,NA,617.636756551601,1622.84107076909,1089.90230427145,257.144017964424,849.73188409861,2035.55131075256,1179.43132816594,208.765085626044,NA,588.249438753936,6907.29575516203,1473.82298948529,1680.75096010206,145.297482056777,NA,1604.09761741532,NA,NA,NA,NA,NA,NA,365.763725265502,1037.59956972228,224.720851757946,2979.41363250328,669.090011564106,731.527450531005,NA,NA,NA,249.041336130012,77.7369468783019,762.804111988797,1230.43701277578,456.69089843202,145.337250366014,NA,NA,159.609467554787,NA,NA,NA,NA,NA,NA,NA,NA,NA,NA,83.6193743079974,NA,NA,156.968868364337,680.567124146408,1059.0414071574,930.542317199257,1635.55336160115,NA,2489.53189558088,759.495209104221,NA,440.6638424521,608.92119790936,2513.07965568148,154.863811602598,NA,NA,NA,NA,NA,NA,NA,NA,NA
NA,NA,NA,NA,NA,720.70891549688,1274.55383711868,1089.74824013443,1166.10936356666,764.961109377199,NA,74.850736404,384.256548115836,74.5815267823009,165.406147766078,NA,NA,75.5748735008874,262.059131371815,1731.80591063851,1748.83487850844,1876.80055553296,1431.5961868004,2739.89892070962,662.38413245563,NA,NA,NA,72.809322214379,2806.54463757125,633.287935970368,2624.41298947153,1553.19488099666,3942.72202689977,957.023674041859,324.993855584918,426.557431564619,211.020533282651,67.6875208308345,141.468628270666,NA,NA,NA,NA,NA,367.036294237141,289.590139455752,406.528952544818,74.9589674612117,1361.3830792264,67.58512600064,635.48677293859,933.020890083269,755.797914753553,284.208932502013,445.14870266604,224.508063543864,455.993337025359,354.774383359549,206.865621747038,NA,NA,NA,NA,NA,NA,NA,NA,NA,NA,NA,NA,NA,NA,NA,NA,NA,NA,NA,NA,NA,1289.31266526929,393.433980302728,NA,NA,151.565753808866,140.555535916824,75.0614941290652,NA,NA,NA,74.5685352696495,NA,69.9746873565956,208.072765542984,NA,71.2665113816895,294.708689669908,265.985017994884,859.402729166183,769.492611961525,296.486486887144,NA,75.7875118247465,261.878531963944,467.015293583327,75.4671017395393,575.85554318186,210.127751369,648.783502098742,578.467864230121,242.253363264006,476.246167834184,208.510016612688,1135.36752875833,3669.26619176208,150.343847655376,NA,NA,NA,NA,NA,NA
NA,NA,NA,NA,NA,242.677666544222,2759.27741882474,479.850862351981,NA,316.920671982747,336.344551358412,1600.57189276135,1508.54207982855,1636.20163115278,NA,NA,NA,NA,160.365762230495,1058.52985586987,3355.15691726539,602.580203236745,390.124208525759,5289.04578974513,8669.06607150935,1501.93076955253,767.119302854251,883.379740215686,741.9145044434,4281.34782925143,9144.99403026783,3212.50288191392,156.406602110363,NA,NA,NA,NA,NA,NA,NA,212.46335538278,3553.45443742953,148.15810217768,111.936355674636,1210.75516843004,2891.23494247423,11594.949200932,2680.08276393362,2112.4990229692,7624.43858121588,1307.86655575958,293.217576898325,73.6511527878434,76.2423325945197,11873.1725969612,3389.03157612292,591.76841261526,237.726874642815,69.9746873565956,270.74804910801,NA,NA,NA,NA,NA,NA,648.031285006346,83.4538685374576,NA,NA,NA,3334.86711956689,6218.26716546893,597.965020391728,470.452302252432,74.7049881342332,3113.30415448886,156.758485336811,1616.50497768068,773.115197334175,673.477034811944,NA,NA,NA,NA,NA,3261.89900933093,4446.57847273517,1706.84207151132,149.770562730689,297.15202810345,2068.9157307717,384.09667682628,2302.16528299107,828.001380805212,1728.89991757988,290.666136297857,75.7891373399968,965.658652739789,7111.37800727336,774.51204772853,NA,NA,NA,NA,NA,NA,NA,NA,79.0265759262448,NA,NA,1005.29924162545,1843.66404876614,384.028264480266,223.452335605744,3559.69791386446,515.532288192271,220.942409225259,NA,NA,NA,NA
1245.87961959338,2649.60683849073,25883.6958686581,10132.0574068012,NA,NA,153.79080098786,1931.68391796614,12095.6171044817,1325.2319694322,4021.33519387108,449.970718155516,1991.39775910002,3440.41382444285,422.662236152042,1963.60219838619,8976.06331529351,41952.250787199,2641.83104923413,NA,NA,NA,NA,342.534338496544,12511.4641335068,70471.8272809288,4473.68335431898,850.699824939064,4524.03858182358,2043.12616107029,3773.50510433388,7283.67927775036,131.052925068524,1036.30181190197,439.968194070725,1205.79331198937,525.206635985846,663.025551347185,2796.7907053423,148.069046373152,795.130936199091,418.055132274734,375.936344653629,NA,NA,NA,NA,NA,NA,NA,NA,NA,660.665329626854,NA,NA,2812.27950683563,2955.77539299251,NA,80.8511426166454,NA,NA,575.50421002911,5074.53063090486,2675.49712144673,1972.05551821713,1087.71981729788,805.923862760837,956.548249181912,519.040750408355,1124.05249400084,5212.88027418592,6898.06322191049,2479.32950179697,77.4741445537381,NA,NA,NA,NA,NA,NA,NA,73.9523156947447,815.727165366454,14148.1404627385,13503.5620467599,1915.6064828544,1256.9214784147,5787.1671049885,6836.38823997726,8802.79326058148,1196.78746341196,1150.96312954356,913.2320606814,2564.50743688839,1399.86627593206,281.960286598533,5844.41560588231,6621.54721163162,871.163321343669,NA,NA,NA,NA,NA,NA,NA,NA,NA,NA,276.403572156845,1718.98715483112,776.802255381792,7209.26769385214,1825.07457795488,266.661600096265,147.557187078978,146.360276064753,701.547466385879,6387.68724091779,NA,NA,NA,NA
NA,NA,NA,NA,NA,NA,468.589991161456,4984.31481439862,5040.91467396759,2747.16478384834,293.113302947254,1705.13676238862,3662.34095368823,15859.1835003592,634.633855250172,NA,NA,NA,463.972231447537,1273.11186824893,12786.9540659139,1913.78091629342,3176.66156165388,543.546844271202,11735.9996583324,3436.7637669927,1953.25943191775,3029.86232305604,3933.61875313404,6024.30185650379,1213.93412551784,87.2655937071035,NA,NA,NA,NA,NA,NA,1012.10251950777,446.933926003474,4870.48507182541,36379.6322364705,8586.96477520918,2978.72515644659,9485.88813059455,12327.9486460297,10266.9512630456,3664.81249881746,3235.45803791836,10643.3848652212,5739.58301064559,506.27096752854,6117.84620958198,7394.76291059051,4356.32618427937,2516.71684221066,10614.6101543212,2591.6835476294,NA,NA,NA,NA,NA,NA,NA,1992.03645120239,124.688100509582,NA,10839.1093195122,66436.4191635903,1655.77660096522,60.4776720063613,538.929910009484,445.096914130377,7481.16196659549,25618.2005347,141.907074990084,NA,NA,NA,NA,NA,387.302144278957,7266.77663721978,8194.53518355199,1559.50515200249,753.174820160682,2127.7979567891,1793.39445000212,1532.392289467,4484.22047656501,6017.47145484772,2005.78049893549,1108.32244868329,12597.4575631182,22495.4676930686,1337.88797342926,274.704388890213,NA,NA,NA,NA,NA,NA,NA,68.0602826257684,161.682219418293,4804.15040161496,14461.7566956875,6931.1573195967,1149.17882385198,1375.48165737898,1934.61321068931,1032.16572452873,771.917381021066,3640.4093276248,925.159756586767,NA,NA,NA,NA,NA,NA
NA,NA,NA,NA,NA,NA,10912.3094892635,3748.8303472485,1245.89079907309,74.4736944016635,NA,5534.54411195509,1959.37077782811,8976.14592928444,18259.5917450933,1707.74422654371,174.31124615197,NA,NA,681.93674582058,20448.9210010947,11419.9170185057,5857.45706787557,4285.26161886026,5221.80751082319,3529.41074622997,6556.941888418,10659.7151389692,908285.595674603,30662.9242309946,2799.39885708943,1869.50223116045,25762.9105951446,29984.0805040959,3786.62203097593,NA,NA,NA,NA,NA,NA,NA,NA,NA,1426.30677037713,34489.752611421,13623.7226577745,6973.20427564246,4912.30359136551,129781.748243951,7709.95756439357,44090.0323379666,7156.2485284964,8201.67638565318,4129.70359918322,26417.5302083166,14597.790433726,4592.9774282377,955.314156766371,3516.24578531502,5791.3743920521,2908.8082384098,1276.71670519973,1197.36227078557,NA,NA,NA,NA,NA,152304.414800157,NA,157.775845697943,1767.43221859778,NA,750.825495090577,NA,NA,567.5792310651,8104.20951505458,4109.86991348419,2608.02400171537,1470.79599091977,7618.14316266104,2755.55555555556,8047.59604016157,2220.14787256627,291.706882714508,NA,NA,NA,NA,290.899337847655,15709.6826363306,10857.6815635988,1064.30743158746,1233.35248227261,9064.44666822261,28058.6088221076,2004.18634443626,2948.98158978226,7844.34146385707,29169.6616020481,7908.2669787796,849.107630335898,NA,NA,NA,NA,NA,NA,82.7817790350674,9208.57312896265,8170.70708131838,4852.18551993153,3686.7699969501,2999.29261683632,1638.51060958559,1734.91102621948,15518.052517662,1350.28252974082,1066.70357461035,NA,NA
NA,78.7314288305674,234.624948890865,432.27148724302,NA,399.786929558023,1784.74597788094,2582.02544251929,4158.48860971731,2996.76736511568,7463.0651773605,26612.8495708678,2038.69058353911,329.954707117354,NA,NA,NA,NA,878.886187534537,6134.98955556372,10377.914820517,7794.51760985265,2651.23822767376,22105.2933069582,22006.5381496503,21882.1954314989,4922.26224359995,2638.17657074583,5817.16737279742,9167.54175603415,162.310377857748,NA,NA,NA,NA,NA,NA,83.1551318857023,83.9813403539494,6084.39780874544,7841.78717712498,21133.6275214103,4913.2620805387,6507.64455275721,4028.64393622407,2975.13405839639,1473.9173480493,2309.19043939738,48462.2227517607,3336.9939886088,NA,NA,NA,NA,77.7997423739331,1151.76013904048,1634.59018706473,442.532083022854,86.7833625185782,920.217887775748,1113.00277415941,3126.9375487231,2950.33340658734,1281.77298458351,1228.49415905986,451.034822079005,NA,NA,NA,82.2194042891726,1353.93735136307,8886.00716809434,6059.93186039475,2794.53319924713,4670.03940944479,16583.578587314,31274.0000849084,11095.7809502627,4551.86242809177,10096.5633910614,28944.1593285714,3447.694019995,18379.4997664573,22498.3712198327,6343.44889422381,2031.74937684845,3291.39718686691,138.884664480344,NA,NA,NA,NA,NA,NA,1146.09064660142,8453.66306306235,7553.57076724112,5793.22768822393,7742.01002232974,13657.9694327098,5618.26328095639,1907.24845373499,9596.01200796092,48609.8363300098,5534.11797227758,6564.40441926879,4113.30773732066,1786.33962727199,6137.52533534355,6400.02994938746,53794.0767460578,NA,842.639230333327,644.141100109976,NA,NA,NA,NA,NA,NA,NA,NA,NA
810.639839499207,9952.18774141015,4374.37865052508,2577.5512245912,1594.85171234909,2170.10699929571,28260.5377352319,4446.45465557245,9098.46619119543,4071.31124918401,6391.53579889517,15717.1736224125,1846.51076639939,20756.1032418284,4889.35356653168,11012.2888056033,932.804830034708,13422.6914976733,15239.1447170583,11388.1931855373,11099.3645154819,291.053008684076,155.925711066071,NA,NA,NA,NA,NA,NA,NA,NA,NA,NA,NA,NA,NA,NA,309.37942509259,5461.66200013163,28478.6079688087,1805.25448925271,1104.42580695217,1432.13057994772,1621.00731162716,14078.3494752938,6179.31408240504,689.94722363704,172.138223550747,NA,NA,NA,1046.88333789045,NA,205.465491659745,1075.69768257667,1292.80810849246,924.331311769403,NA,NA,NA,74.1439616230855,647.472977715275,1573.59383654766,5536.30703052791,5849.37919058687,881.542116886755,4750.45180482359,1527.82526296419,2339.10776196362,8231.11087153019,310.110044875249,NA,NA,73.4475069933044,2753.88127053984,9648.83597514889,993.221988292694,2934.13545389994,4917.57615481373,1436.35967853983,2793.43928320046,3843.02144258156,7047.02410991539,7294.88049845918,NA,NA,NA,NA,NA,74.5602121804694,NA,2083.73679423914,68.4185510332946,55.3442420155,394.400371142018,3216.42456482613,1182.40871435222,3781.55113555254,4361.96212293887,7051.48212876081,93421.8581670135,18967.9707123456,14500.2230136933,37183.1750278972,6396.42320010179,6287.74876168028,NA,NA,73.6249563864165,1097.99327698717,3956.05997698222,19602.3236741302,2128.39583338137,1630.91972516466,787.866850502265,201.885234603513,903.024039958675,2475.61591997866,2892.42083089723,8768.72194768317,NA,NA,NA
NA,66.2565211324512,292.323191058418,165.886777629438,4117.07811271309,654.287165764671,436.191443843114,634.633840865882,NA,NA,NA,NA,888.782827471477,4096.16927712121,502.246080346027,3343.33547864027,808.571613772831,208.603844714881,149.403324209023,364.001953962489,144.261008557563,68.4346859015582,2135.42742990976,4261.78944593125,552.978019676696,NA,NA,NA,NA,305.259483534532,NA,NA,NA,NA,NA,NA,NA,NA,NA,NA,980.280673962569,7581.87854443249,11643.1779594641,12466.7522063491,5484.01329177478,1663.5992899481,24226.06132824,4369.86759945908,2485.9123347987,1161.05871009473,2418.33764981413,4273.29121767433,2079.49911243512,8656.89772440238,7957.48421283928,1263.7562500645,151.112699473486,NA,NA,NA,NA,NA,NA,NA,NA,NA,617.613386783883,451.094551931326,968.326188699938,NA,2148.36532835225,1588.22269343907,138.973237923573,3814.73014245756,2030.01069815638,NA,NA,NA,1373.31099913494,9351.48083715663,1931.791180646,1325.44546012839,109620.951981362,37508.6031311716,1538.59451201439,3079.92266314193,1988.23975426383,3625.01010471567,3138.7433364479,87.5288768705906,NA,NA,NA,415.242615186917,19837.8300663448,4311.21850688044,212.772627340517,7133.30157587472,3060.78035012406,12012.2989372429,1318.97565851248,1448.98251130799,1049.70808667818,1325.44546012839,2356.50660036076,1020.29765580783,930.171988800729,999.883584982606,2533.63555268623,1243.69577159148,12094.9887055456,13448.3330930589,1498.174372379,NA,NA,NA,NA,NA,NA,NA,NA,NA,NA
NA,NA,NA,NA,147.562097081694,542.561592948436,NA,7793.68672406917,1035.62919503798,1102.03690859361,635.892187341151,222.611181670611,NA,NA,69.1865755073573,1832.9333426296,915.900150920718,698.755328096721,3777.2265824913,3211.03606933031,19479.2665924646,910.416747818398,1428.49249044744,1110.22763205308,1880.90741293449,15427.2729811215,1350.30558481415,NA,NA,NA,NA,NA,NA,632.817404334884,4441.47852378578,2747.8935050521,3027.83203391118,3755.0248602762,3480.08485993593,1249.97406303819,6828.64621966755,519.100295368068,268.418869255987,1661.3038670303,NA,116.188861275961,268.889341818047,1887.48757354861,2196.91570610189,3396.51415752014,9768.29601844254,1512.40507521059,9420.45657506511,140.950862978706,NA,NA,NA,231.831823013404,619.257854140253,1115.54540409238,396.726152314913,NA,NA,NA,292.987233374293,1052.79325351367,463.716717312261,549.422843512287,1148.91055195195,2707.65593583939,1203.23448681808,1880.21034337675,1083.70008976459,1021.07521943474,2095.75763179388,4926.60339513161,197.551897377321,NA,NA,NA,NA,NA,NA,436.339092573016,4726.8220281848,827.026145668186,2204.37818900045,678.476868281044,3250.92815624325,1683.69505962713,29397.733256641,NA,9112.09925537245,1754.87117139757,528.30319813624,7590.45341782447,2823.20581069531,1301.16108458803,2570.56968901184,1146.34808209916,NA,72.2352847695514,NA,NA,NA,NA,NA,NA,NA,174.817340644816,661.894977521054,3679.04915999769,886.746928692896,1050.60121890753,4652.7169752264,1981.66426368335,1205.1362101854,1230.62657275037,4048.68058794068,2388.19574529963,5087.74768361216,NA,NA
175.37878309573,1339.6754561781,841.611635785832,151.65588127953,NA,NA,NA,97.3569249932069,469.417641814758,72.5689984222774,803.437837466717,421.669837858108,64.6330606636859,1652.23030438213,1037.87639971471,1795.37471078571,2978.57076767275,679.251998642402,NA,NA,NA,NA,NA,NA,376.181482586898,3953.13034093142,1207.49795857376,1296.73222715972,1993.2049428825,1342.96988837682,332.040368139797,289.087161995677,2222.78404689778,73.2644369221405,2791.2769184737,1611.17511056689,8613.18104392352,3961.20832698806,1631.93101501213,6772.84599083744,323.211167592263,308.780521507142,NA,NA,NA,NA,NA,NA,NA,NA,325.655966778532,NA,NA,808.530464898972,1803.23231114821,10135.2196680745,2548.53636537122,207.168599814418,301.028509055464,1002.1627339908,1620.23600807975,NA,NA,NA,74.2630928988962,76.834894106149,NA,84.301614654116,NA,74.0536407546807,679.005914216958,644.994008005666,382.013198861631,1332.2916380126,756.871955850481,1158.9538289351,1281.69624808256,3148.104253849,1074.00261596351,1623.93438005957,149.971445436789,NA,NA,NA,NA,148.438119265279,1967.69549968362,1874.15185618162,2871.50370171751,812.706558684152,790.531615982451,953.744655850778,NA,804.733765904557,1168.41044623202,80.591178199506,8595.94120585508,2338.57626541531,1628.47454430629,3284.94511842191,1730.33314630689,2125.64901928418,486.33184610353,79.9556150389796,NA,NA,NA,NA,NA,NA,NA,NA,NA,NA,1958.91045400548,2380.83428401369,1061.39197311706,9715.71022246548,1092.91724053101,280.908562226408,NA,NA,NA
NA,NA,NA,NA,NA,NA,NA,NA,NA,594.568800868546,562.911287111133,156.13771502603,245.75849509294,NA,NA,NA,NA,NA,296.750786612148,855.715079862333,6138.0032272257,2673.77772707503,995.063185364121,281.077471134749,466.790319422282,826.492330047866,398.961455456073,156.466045381725,270.055010880854,788.538379596641,919.111452067419,NA,NA,NA,NA,NA,NA,NA,NA,NA,238.89028772424,84.858178223898,791.515523479477,721.531204661284,2973.50648203174,8232.02073945227,1473.93167589716,658.569207029331,3631.15458006605,NA,73.3683628135975,9205.22154237758,486.321174840799,1657.43941320303,1685.2293457925,547.79932576859,3866.80624763108,851.969999580405,1613.11748423359,81.7247318162063,88.2860092366589,148.423369051664,NA,NA,NA,NA,NA,NA,139.188104650525,NA,NA,NA,213.581414316191,495.241927804198,407.884377831185,60.9514521683479,359.546605977117,1256.29806648748,946.700747893591,321.877006450496,552.078381880346,NA,NA,NA,NA,NA,NA,639.119798532396,1061.07423951815,779.529995853609,401.95939124858,648.397607787457,427.010305039692,NA,4946.47528304117,634.51611131584,945.629032432374,3711.34883237592,468.248910953372,559.139367094774,NA,NA,NA,NA,NA,NA,NA,NA,NA,NA,347.36104602916,136.087601221958,229.039978928322,2671.67555287618,1423.54100265823,9032.24576012414,601.665633950582,368.232824286231,200.68127278485,1487.39830884106,NA,NA,NA
82.1024263894276,NA,NA,NA,NA,75.9010632676349,145.197635398428,285.148835573344,149.313356400754,129.466832280639,NA,688.209173745701,968.802539877325,NA,153.858012748367,NA,NA,NA,NA,NA,506.99816814319,1516.93146134318,1443.71798412898,2075.53135332255,NA,3613.26757291083,4353.66424171966,87.6726087361722,3419.10759359268,2719.71052871246,5386.8950931187,7420.84457692251,238.310492993711,NA,NA,NA,NA,NA,NA,NA,NA,NA,225.87296512928,1369.90690493204,787.218221141879,1283.9773448995,1569.46281924746,14677.3465294279,148.130591929845,791.858741902749,795.788858984912,369.109792076763,317.790264463469,NA,NA,NA,NA,NA,NA,NA,NA,NA,150.644483463039,68.8265872150898,144.690411713673,220.424003204083,73.5993527967313,72.9351192518374,NA,NA,NA,74.8796964077589,322.650197094906,1357.54498135984,1266.23556063175,1388.89325456213,NA,3033.07747920594,691.465752968943,374.916496723267,2458.0306627035,452.745175094669,3089.12387151363,321.196289155032,1968.24821971949,NA,NA,NA,NA,NA,NA,NA,NA,NA,NA,NA,82.3521893494243,3805.09771369489,1233.73215297582,3515.55905077061,10437.6262936045,3938.90091487061,753.283354991485,2780.80943940203,69.5388434243931,2687.18823331396,2510.31806786896,774.544092051984,205.664127171728,1341.40312037194,3622.80092361136,2818.56382401518,693.370148720193,737.305497888025,217.476009677682,163.401175867542,NA,NA,NA,NA,NA,NA,NA
NA,NA,62.7940054581805,NA,NA,NA,NA,NA,NA,526.83783427202,NA,842.414949403792,272.809202290888,418.124142897773,NA,NA,NA,NA,NA,NA,NA,412.666949572787,352.972935729558,1345.00295652887,1342.54166171752,369.318973965413,NA,32984.2562214289,8663.58181107605,600.220881284313,1246.44945207548,1392.81095494198,165.615916484531,NA,NA,NA,NA,NA,NA,NA,NA,NA,NA,NA,160.220489028181,244.902397414876,696.444400614877,3556.33250444443,6604.63289153125,1311.74464004743,1900.77501176836,334.095449599931,341.238486869382,400.678883588427,19446.206927469,NA,NA,NA,NA,NA,NA,NA,151.668980629748,NA,160.579176975515,83.28666503869,NA,243.944663267325,73.5680295708166,NA,NA,74.1643458170716,NA,NA,NA,568.697968134573,447.645708118435,1749.15714172115,75.6791732807111,1352.98464607655,2481.75578596544,1383.17751838589,1041.4033117907,368.580081357419,573.415044977243,2893.51805338251,NA,NA,NA,NA,NA,NA,NA,NA,NA,NA,NA,NA,NA,1032.91837067456,1431.4702683891,891.457566722685,2847.45379586399,11992.3698198744,2679.83303828101,1563.48841783415,363.62176587529,228.197671212339,4780.0881219947,2408.93977388416,611.456908865201,1192.33468894335,1356.95772933835,1682.93967334447,488.840026612451,233.653084983989,356.078665183575,75.9012360971706,NA,NA,NA,NA,NA
NA,NA,NA,NA,NA,NA,NA,NA,NA,82.5474131704398,NA,248.152155652282,160.827515464973,NA,NA,160.899065361464,NA,NA,NA,NA,NA,163.303445808854,384.701261773974,699.794035064502,941.667319294434,319.124068257447,1371.45321840213,1387.05048039677,2404.43994262044,6216.30968623859,660.323259050391,673.030443709528,599.55533978225,735.087752570639,71.251252507955,NA,NA,NA,NA,NA,NA,NA,NA,493.681267666296,547.781149848977,1579.63528177083,592.423686017224,1170.41955961105,3683.02032921993,1348.07710282054,1078.52061484303,1680.04640546641,76.6454787905098,250.235826413409,3721.6974372022,3408.80450172404,4729.5389503545,405.595295256813,2187.8271485283,1842.3076745932,2071.60606606352,1544.58152691306,141.863560876101,307.35915401237,NA,NA,NA,NA,NA,298.286730505993,NA,NA,NA,NA,NA,69.4701194427552,138.690205538191,286.468495877826,640.356641651016,212.504426290113,147.847142318029,296.292038469966,NA,NA,NA,NA,NA,NA,2043.6616039719,857.019017894771,1335.12905849369,1459.16006634403,1565.4235507798,548.562225264609,2604.47543943849,1860.01166891606,2489.92838788104,1640.13169239477,1431.36668322281,1257.61740609563,864.150500451159,289.873704201132,NA,NA,NA,NA,NA,NA,NA,NA,208.744952286123,926.022631596249,913.930137211847,2675.78668656701,1855.3283838473,3620.03399211919,1051.95196261363,63.8651250306712,382.407422986969,1041.59282335192,NA,NA,NA
NA,NA,NA,NA,NA,NA,NA,NA,NA,NA,NA,72.7527811751306,72.8017846920707,214.197755507399,1337.77106679142,682.956287079309,1126.59889530541,800.323039481391,NA,NA,NA,NA,79.9304604993656,NA,NA,NA,NA,NA,NA,919.907205893784,840.09275464104,585.21652353002,753.84934320876,2609.24624094592,1094.3508991016,53807.1683952954,NA,2504.39956915979,3113.55101076569,1912.40816456626,5141.32775523754,4367.71463569023,2874.59038883578,955.866875327854,82.4127485929053,NA,NA,NA,NA,NA,NA,NA,NA,NA,NA,NA,168.118060443884,560.410422176785,2359.49870728167,2283.64787224468,12453.4803506916,6779.52703999935,325.852880813183,663.030423648262,3277.2186986144,NA,NA,64.7847894643347,353.97455729995,68.9359746106048,67.0875065955405,NA,NA,NA,NA,NA,NA,70.4884369358282,NA,228.40102835279,1686.16380551433,6900.21937768893,479.271408865549,282.073820834466,520.963506376138,634.442844630234,72.3927497792383,NA,79.8255141980453,NA,NA,NA,NA,NA,NA,NA,357.37168137956,1822.46110412389,3693.60213713163,845.212194747552,1612.44820765968,2844.79798208996,258.820187586401,67.6945084928515,544.36047986465,804.360823643209,64.9134074618481,200.806398334431,3660.69095475213,3343.821787674,4603.26772520106,1033.95209162304,70.1183597913278,NA,NA,NA,NA,NA,NA,NA,NA,NA,NA
NA,NA,NA,NA,368.776436660803,NA,75.5951435563115,NA,NA,NA,NA,72.5732485426203,294.00912310309,746.51935351424,5762.14830041081,924.583041496994,619.149978625567,917.017661054754,4278.49192938899,530.140815246002,2813.06907406065,276.644687246265,331.322536857147,972.049548420496,967.145393965225,629.978272049397,212.531057871924,223.761035148383,NA,NA,NA,NA,NA,2018.41082998515,1923.96932038522,565.353285027664,226.435789716328,320.649918907636,NA,NA,NA,NA,NA,NA,NA,NA,76.7960680413163,1234.29863230999,139.324772244053,1061.53010647996,3461.1990244126,2393.94894199779,NA,NA,NA,NA,NA,NA,NA,NA,856.174645928975,324.479320202845,80.7406762080077,NA,NA,NA,NA,NA,NA,NA,NA,NA,162.384281916001,72.8408567862075,532.391667346353,624.126904971842,389.148182646855,1410.28281737394,6488.68731718123,3409.47043524864,1887.70548309469,19895.457826704,1951.23586943891,NA,11813.226576064,3011.04812308518,4600.68045458069,2011.37327550751,1005.16251467537,794.109383225349,305.4813511654,227.487996406296,72.3973723808079,73.4074043406092,NA,NA,NA,6320.34920449854,2548.09568069303,374.892602641658,578.958170561656,3791.24256845875,160.78845513166,NA,NA,NA,NA,NA,NA,NA,NA,NA,306.901681744491,1951.09433759645,1980.43754263653,1456.95647910732,6183.70697211556,3035.20320438402,NA,NA,NA,NA,NA
89.9562012251855,74.4394892557763,NA,NA,NA,NA,NA,NA,75.4006848945812,437.279952528888,226.104111597754,801.547242673478,1472.44936798792,308.323255659254,1773.35491069346,1430.95351189778,1821.91481121091,2016.31258925091,1097.36497346065,NA,155.769948659004,NA,NA,NA,NA,NA,NA,NA,NA,85.7272819702324,79.2596388835741,340.589246643834,1193.95695403114,1395.19460872,1199.69856716572,14164.2751709833,4318.73512885546,3959.73841279395,NA,25269.2118659165,2636.40303437583,4861.905314394,22203.4756109623,3434.41293976894,5646.66278361911,1672.49566248703,247.363211236227,314.974369748098,156.485498449737,NA,NA,NA,NA,NA,NA,NA,NA,695.662094659437,607.558883088052,16435.0620662273,24700.8469097153,130677.857487701,6946.15112112533,3423.65774606488,1495.29691737064,400.381355233233,NA,NA,NA,NA,NA,79.2860261629615,889.715269612272,419.249769307814,261.767496015899,73.1264687908297,159.042766122682,NA,NA,80.7720581019261,166.097685204525,165.157294155381,377.180376029222,353.249542541842,2797.81047888912,563.609615236397,2068.93476613011,841.154492953123,512.479498074651,763.781715462898,222.535073567499,NA,NA,NA,NA,159.838128730272,584.625794809208,228.612570125001,NA,838.19679561556,1875.60400310162,6232.43701127463,5809.65994957215,447.85233532227,5837.30488340694,6531.03597990315,8516.61365504798,24303.7437953033,3042.29369031054,1509.11381269922,996.869497488055,390.496166772478,387.850505349816,329.367311743526,NA,NA,NA,NA,NA,NA,NA,NA,NA
NA,NA,NA,72.5647119402258,213.104445898606,381.4310805912,79.8674902495771,652.201560718335,966.286005196962,72.9392102011029,79.3851083539252,NA,NA,NA,NA,NA,NA,NA,NA,NA,NA,NA,NA,814.235260250685,498.53640394724,664.616742478514,872.859839994048,456.836101955898,5947.81580364398,11571.3258295253,7042.02067631164,1301.03081972878,28547.127081611,1502.40384615385,3930.90841842137,7324.9070302552,1024.17398831581,394.277861171926,376.161360584669,208.676490228376,221.440602507401,NA,NA,208.844552892006,136.245462004274,218.409249719089,482.818523484396,221.202119971624,637.071802805608,3679.22576392991,3346.7579307064,NA,NA,NA,NA,NA,NA,NA,NA,149.58339528579,67.9808636588035,271.404907828519,NA,910.796167916203,1475.05809516308,272.967204696401,268.665845041735,69.6354680736002,NA,NA,NA,NA,NA,NA,NA,NA,NA,NA,NA,149.036616135554,287.100674363597,481.509352975246,1096.29220956256,705.51102174011,1330.83476499732,5617.93980829671,6049.2412720464,280.733531451665,147.060056238707,3952.70527838903,991.601728322148,2365.30756094215,922.569127927339,74.4310952275154,95.9714081980696,74.722845493779,NA,NA,NA,NA,NA,NA,NA,NA,NA,NA,71.965205686633,291.731434083902,299.67934310288,141.209909094709,5178.58917140433,1832.68992993979,152.798368419022,77.2772086483088,223.020337670633,1691.0467459575,8252.92214884121,20207.2773933759,17100.9028112025,6107.97162115568,NA,NA,NA
84.3443692879885,NA,NA,NA,NA,402.58887189606,1228.33768906996,NA,531.38371179873,868.120111941195,70.9548615681294,430.503899073814,144.8300278414,372.545178740098,75.6133204357172,NA,NA,NA,NA,NA,NA,NA,NA,361.614112323418,469.306767530971,819.050011193684,680.669258519069,2594.96919993986,145.967789433873,9341.71527386017,NA,NA,902.34822242606,10319.5790162139,5032.19412403935,860.041504169589,756.422265715738,286.310076532831,72.0330625994686,NA,NA,NA,NA,NA,69.9368141864869,424.330517829626,494.559038091149,337.107544453361,2830.89700439433,1746.33896206408,5082.42369808126,9992.32257900375,15980.489597811,4899.13944388787,7665.87454776977,5189.62697360516,1852.41354734519,641.881849235932,487.704448317437,224.262613314292,370.19421276868,210.225906657035,74.0159359270688,NA,NA,NA,NA,82.3470761270721,78.2094906904115,NA,NA,NA,NA,NA,233.558457735651,221.344958370547,75.3303896728062,1340.26847811397,839.020877890427,1484.04701401579,676.022670194904,76.7050163623306,NA,NA,NA,NA,NA,NA,NA,NA,NA,NA,NA,NA,NA,1430.90844352597,556.632368603624,856.265890318926,1317.78129463551,10070.8274903218,2993.08427470936,6214.15709268856,4005.65875268206,3817.55697279609,1218.62107845833,509.900222724417,748.670043817412,547.194649311841,158.555118912375,NA,NA,NA,NA,64.6104895258966,491.390246198447,73.9499094372434,1321.17444898681,6586.04326633985,3817.47745170743,2258.84383868453,NA,NA,NA
NA,NA,306.714078528926,666.45152624064,901.514025191758,1024.88598875437,NA,766.5524350228,2078.90207589842,223.439387597326,430.007253505688,156.446548198561,NA,NA,NA,NA,217.757531489009,1369.98163065219,1123.43376481678,1325.2266763418,1331.97698610163,1683.10562161018,21340.7320642286,2524.93927844745,773.296673915679,1314.70854601874,1703.08484342919,494.370287724214,1700.82142871721,592.179246604559,3074.85351252114,145.950437274808,NA,NA,NA,NA,NA,NA,NA,NA,NA,NA,206.760218313979,208.459654093168,459.047969922652,422.591040900896,1551.82676323617,1164.79642613049,NA,NA,NA,NA,NA,NA,NA,NA,73.1408402946347,278.776358566055,553.487204621175,NA,505.070438205606,1296.0164274857,206.882526515616,814.531016119297,406.143103981164,NA,NA,NA,NA,69.5091990211715,73.3685781308959,653.347310610132,508.364786709962,338.135739994175,264.006240579515,633.31643433981,NA,3242.54308763311,3002.05555032181,NA,NA,6445.83923050887,418.513940699365,2954.91761000223,1128.88015511942,1464.48565699389,209.839001026462,72.478242756307,529.558008379991,NA,68.8195770224921,NA,NA,NA,NA,NA,NA,NA,NA,NA,145.525911361477,68.7930980159933,131.677766334248,NA,690.509451658849,589.579380967853,11434.6600577976,3856.9951548909,1783.05353944121,570.239793436337,1447.80395286674,328.981262148456,278.756309213502,205.128317335148,133.784016007525,NA,NA,NA,NA,NA,NA,NA,NA
NA,NA,NA,NA,NA,225.351350925011,583.215232248803,687.089721550019,NA,726.401995804012,1345.99848111549,1588.06158820451,3203.28851088429,387.263882306479,77.0174469933197,NA,NA,NA,224.95861886206,774.27403292399,668.302919733775,146.279968742896,885.591732469822,296.804932007555,4262.76962373101,4893.46807083604,1590.83256222144,1481.90157313484,2627.26095509643,855.341064527941,NA,79.164021598795,74.0824426462989,NA,NA,NA,NA,NA,NA,NA,NA,NA,NA,152.806937373834,NA,222.707477069481,78.8933659120858,79.9439433069532,456.736752921402,894.745549820327,77.3696126668292,356.114525576751,362.239699080237,3111.44598441378,8693.48530875804,156.248205587014,5753.46896887821,70.3532471717115,19214.0452945106,11457.2260369083,5284.25226792279,981.661001828245,667.738654302284,682.594741931747,218.975209159645,280.020371482025,151.349939297323,223.23559607662,78.4598642487429,NA,NA,NA,78.6588725163068,155.546577061469,899.947510561447,477.246061149061,1012.31307541725,687.876182287188,1560.48965044252,790.474029094345,145.600717986261,290.062761604885,137.86064949047,NA,NA,NA,NA,NA,78.7021573520565,293.866002686229,555.827640905607,1196.82640534162,3089.63161760472,2284.10157947908,598.362625552373,10906.559608633,1628.37207537295,2187.39452657017,1022.33056199965,147.924847372992,156.921058194018,NA,NA,NA,NA,NA,NA,NA,NA,224.346584962632,279.846719556297,NA,294.797263131689,714.356825260592,456.250438733681,1254.64752810599,1171.11019489811,14371.8468168084,7410.86240927268,8004.87153610626,NA,NA,NA
NA,NA,NA,NA,NA,78.7085934750733,382.01270268639,315.948853251789,239.485718788046,608.040977097529,915.025054529774,821.628488578542,603.830823510515,231.219397149373,74.6757336946842,NA,NA,NA,NA,309.877516263534,379.211417722082,1007.92164386128,1117.48632923099,351.732136562394,1843.2736758946,839.730937993199,7856.68067587657,125510.848957236,2469.36192111278,533.773411718848,686.633794302642,415.88359251892,142.381780941216,NA,NA,NA,NA,NA,NA,NA,NA,NA,NA,576.176886304095,209.335877741149,359.401929312685,2070.52552650965,3907.08303006081,3148.40581455457,3876.61751000288,8279.99933760005,227.054548492948,215.692507036429,19858.782143647,44189.2754014303,9677.25974929349,3816.24533387342,2148.69130017096,4694.61955258594,368.420362328163,724.303346933336,NA,NA,NA,NA,NA,NA,260.07159771085,NA,NA,NA,NA,142.924633911056,NA,620.259024303609,1310.91828150557,744.244956725539,1437.50281938797,554.546089122627,511.953904255551,305.743498632027,NA,78.2184955454567,NA,NA,NA,237.624797573376,147.439836253318,207.994720816659,1508.23337745144,1695.74708045345,1809.21560878332,1884.32249712226,16258.4718841542,469.847975988889,2380.24347510507,1059.56968907155,743.135563904271,140.445936916601,816.320714895092,NA,NA,NA,NA,NA,NA,NA,NA,73.9981629216073,205.104910820043,204.161755725767,713.034898280937,2024.45117128746,3173.21390014361,2804.60910828958,1312.18913203523,4042.9245384092,2439.86093975606,1113.4600168756,348.416103875941,NA,NA,NA
NA,NA,NA,NA,NA,106.88135282721,NA,441.570084863147,NA,620.943042757517,809.714036238236,212.66304964626,565.413620559683,73.4309602845714,NA,NA,NA,NA,NA,227.279494003117,276.732995414673,2250.86843586862,1163.35948656703,1325.97237217923,1872.36723796933,NA,694.068683371142,1985.30963517752,1553.4495016993,996.156959272056,683.57965784514,821.465889450406,73.6510226002582,NA,NA,NA,NA,NA,NA,NA,73.6076577873994,NA,555.389643919071,295.794694227042,144.409482908632,1267.04875695126,2425.3554597287,1478.66924555971,3200.55258995262,8276.39447436512,NA,55466.3220531152,2992.73961369717,1311.29827708519,1681.72148615629,596.65341574012,2602.63935888218,1741.02337808344,414.953944261726,156.794628592332,NA,NA,NA,NA,NA,71.8330943685727,NA,NA,NA,NA,71.4629910677693,357.4193976368,611.818581107056,507.938866799998,618.269450069933,1115.87543426734,757.606907115947,NA,142.585985052426,NA,NA,NA,NA,NA,NA,288.368407943252,819.322967486738,9711.52717811345,3565.57396625097,31583.330752261,3362.19653260102,11218.8449712648,2585.92079093246,1710.71963611214,1028.40439219175,644.063934652414,492.758387539689,73.9851603524771,NA,NA,NA,NA,NA,NA,NA,NA,NA,148.059400246904,287.04867247524,425.303970063704,560.192823971939,922.582026058258,562.000057043006,9275.19405274557,1844.08091007442,35409.7007177495,71.5926464329143,3119.84928143767,12108.7461741212,5030.48283957677,NA,NA,NA
NA,NA,NA,NA,NA,NA,NA,148.350795334575,580.909006413235,1770.88117940687,660.523904442667,149.577018627873,1951.56749901521,301.82802141168,NA,77.362471959972,NA,NA,NA,NA,585.194434508331,1334.98624407924,2575.99136648917,3089.67456382461,1263.31900506643,384.68755791952,194055.368293107,4568.27380995362,2985.46080587539,2784.08439778787,1287.06091916743,1022.38213577089,602.997833881031,245.262790086609,NA,NA,NA,NA,NA,NA,NA,NA,NA,NA,NA,NA,161.963450517939,870.103988302902,4679.0182350253,1694.85892546976,907.117379023425,1729.75753051743,4760.93758218857,6211.34387393788,81.9441075631133,NA,NA,NA,NA,NA,NA,148.543063636814,NA,245.069607937641,511.582857092325,75.8980676807357,161.548539681976,NA,NA,NA,NA,NA,NA,370.780013622458,937.589217473975,1670.38441087934,830.795944054201,1329.06572933655,3839.05911435917,4182.78564112431,955.666273985845,8881.0278382235,226.494444317775,4199.16362624682,14543.4446898036,379.125616524599,7679.54675594303,1225.59024255861,1577.99449380339,1289.86923090759,774.593438496442,388.865661366838,1034.32037541692,314.559974633884,NA,NA,NA,NA,NA,NA,NA,NA,NA,76.7724906354835,778.551500686329,1647.64201295147,365.577353389589,2577.83518963471,766.821982973764,1685.44488227808,4016.68070114031,3633.82901004135,4487.58118838116,1281.80120514949,NA,NA,NA,NA,NA,NA,NA,NA,NA
NA,NA,NA,NA,NA,NA,83.0044971836574,231.204998837039,NA,370.738802353509,1797.62186132527,68.5870868073836,72.603883088,NA,NA,NA,NA,NA,NA,NA,126.240550105821,408.731012145374,687.691079264443,689.305712904477,1059.50249244177,2926.72738126927,1000.57626045629,5258.3343456262,10036.2844649305,1567.8557229457,347.466896828739,150.394869248957,NA,NA,NA,NA,NA,NA,NA,NA,NA,NA,NA,79.9111771283983,NA,285.117534714129,73.1322552225023,699.968557412401,1144.7857701782,1600.58955048443,2380.64779807233,1751.97954416716,2784.95871646823,NA,251.421474159529,282.340019968498,231.904456600704,74.649683963098,NA,NA,2352.57684157576,111575.837614206,NA,NA,NA,NA,NA,NA,NA,NA,274.572920698741,213.267999392613,459.942461198104,275.406584461932,135.971331260632,73.1247683315933,NA,NA,NA,NA,NA,NA,NA,NA,609.96549425199,805.226299335117,4426.81618607236,7962.58602466005,1274.46494775331,NA,4846.2564437201,1530.75765267498,3746.15728228432,3187.90668278165,73.5287197296967,NA,NA,NA,NA,NA,NA,NA,NA,NA,NA,NA,NA,199.167704717679,NA,3550.19748140953,4245.92926507409,1395.20497168553,4317.74150253269,2195.49189317847,7279.81199568823,5864.56533323324,653.066613803893,4847.73482443027,NA,NA,NA,NA,NA
NA,NA,NA,NA,NA,NA,72.473793657398,64.7671330116134,NA,NA,NA,419.188785861601,69.3322177317285,NA,NA,NA,NA,NA,NA,NA,134.472151086454,930.601459688272,1475.18451030609,1735.13463443516,8034.71305065307,3058.17068792326,4039.83247891999,1122.25022392399,2187.24616759674,283.378638493162,NA,75.3646291487475,NA,NA,NA,NA,NA,NA,NA,NA,NA,NA,NA,NA,NA,NA,1985.02511234001,4115.39184609931,1302.95018945516,764.776046806334,970.992002327274,5169.04434197683,209.917290488375,1995.47712637575,18393.9555482278,540.918708505196,4076.81944407325,1676.54493149731,1594.8665498737,2812.4867347101,821.783621085434,140.521554179631,70.0442911065954,NA,NA,NA,NA,NA,NA,NA,NA,NA,NA,NA,77.9277757581496,NA,76.6331560093192,535.70738438191,233.358014832702,1028.88135435955,73.7857848143837,79.5657998821471,NA,NA,NA,NA,NA,NA,NA,NA,NA,295.311160140967,5917.1593256539,2482.36317469718,4000.74943908973,3612.48127988641,520.391813404148,8031.31851063877,1071.81764123234,6422.40028410033,6181.67408215977,3907.67416406057,NA,NA,NA,NA,NA,NA,NA,NA,NA,NA,73.5978252725806,523.275934977994,4954.02307598308,1542.08006039079,859.23460240852,2693.18335586411,3083.6412764674,1551.30677361241,NA,NA,NA
NA,NA,NA,NA,NA,NA,NA,146.417461219322,537.171253111565,1317.77437133103,79.1336198075882,162.954508641641,NA,NA,NA,NA,NA,NA,NA,NA,NA,45704.3092864135,1535.89181704632,4700.2021648149,4248.0323226072,5086.65802555709,7136.54278242293,11615.2018281884,11207.1261986556,21009.9902728505,2441.72387231463,NA,NA,NA,NA,NA,NA,NA,NA,NA,81.9227129656702,NA,73.6208044147746,NA,71.516710666131,215.160788581503,8438.26772545308,40799.418322952,5183.99324007281,29423.5664410819,1799.63530700785,2396.51981080029,17423.3033389566,3965.83040522855,NA,NA,NA,NA,NA,NA,NA,NA,NA,NA,3052.65941732028,802.096745059325,3214.94469393374,2075.97905396448,NA,NA,NA,NA,NA,NA,315.681801267731,538.174732727051,753.077091824121,882.814128942548,1983.19586725486,1800.65462799001,347.307994031512,486.713610735215,434.855116059569,497.847432165176,4755.06307429979,2647.34097668578,1507.83000248395,157.466490146731,NA,NA,NA,NA,NA,NA,NA,NA,NA,501.099328409977,827.20950139451,9492.08243557193,3669.11297130043,1055.92224550615,8673.59245138826,17244.8586831183,78.1460750196069,78.8141683284634,NA,NA,NA,NA,NA,NA,73.3225827762467,NA,10172.3022062569,3527.801878033,3081.9916575503,5281.70509974653,4890.58485866422,8212.15817349871,NA,NA,NA
NA,2613.71493184121,224.554612767172,NA,NA,NA,NA,71.2194862781772,NA,NA,127.474974431707,NA,NA,3537.93709131624,5743.69904792314,3289.24010233793,1928.48781484974,8168.33190376274,129.528410372946,NA,NA,NA,NA,NA,NA,NA,NA,NA,NA,NA,71.8394778476864,NA,146.235357179494,NA,2257.63159588919,20091.1132451568,1593.48304890673,1874.9862657256,3277.08805364622,3200.85303554129,NA,1318.52209495421,1135.19558384878,1683.09387870409,1245.5239846748,22180.986357403,22941.2830827011,288.23672767149,77.6985804780141,427.989912563088,146.192771103712,6588.58597483586,2959.11750507657,1229.90839448082,2484.53210888428,1476.36874966987,2696.72127351372,8518.66083300043,NA,NA,NA,NA,NA,NA,180.964571932377,NA,NA,NA,82.1943187122518,NA,NA,1588.50683534491,183.322324827727,NA,NA,NA,NA,NA,85.8995022209746,307.538916743372,4514.39156898457,2341.01182774279,37270.8964014744,1346.43323104929,1121.66917534209,50943.9850470654,1037.55396948139,NA,478.808647475697,NA,77.6087622776092,NA,NA,NA,NA,NA,NA,NA,153.663849419262,9633.79861395912,131287.18481443,2780.80493029198,775.511457561376,3237.27425730067,622.0754247099,NA,936.886255851859,2009.60461353359,3485.8410301564,2036.95802318384,1964.52275137508,56885.711806739,26359.3420309936,507.598127601033,NA,83.474607149717,NA,NA,NA,NA,NA,NA,NA
NA,NA,NA,NA,NA,74.1249732223534,79.2102233783746,62.4334459466209,1946.63242323942,4144.53370542036,1603.76178363971,6816.59034151118,6289.34010652324,236.735082316339,156.360979648446,167.276039338306,NA,NA,NA,NA,146.535089878763,NA,2189.35554960487,30385.0240614272,1940.47206654526,1561.98170607026,2843.55068486918,9569.5977706665,NA,77.4857726435705,NA,NA,NA,NA,NA,NA,NA,NA,NA,NA,NA,NA,NA,NA,NA,519.094521179798,3205.93602929816,43939.1252469855,12109.8404511877,2824.93640075617,2992.96685321742,NA,394.095414778668,362.057201779366,1142.2782434959,1493.72013913406,9322.58754560118,1773.66856669775,68.4616255131284,NA,NA,NA,NA,NA,NA,NA,NA,NA,NA,NA,NA,304.765062708459,2456.86984186895,82.6835645413849,1786.20948039613,3792.89767267799,2152.77125859696,78.654820097156,239.369672628461,237.358015402162,NA,NA,161.405115460746,NA,NA,2472.41246284104,25561.7330632511,1860.01856763535,914.840752526657,1367.06334287999,1609.40604333502,1850.0781065975,537.713289737588,502.940007663369,2444.66156660877,1596.150146652,2543.58812305939,30882.1429678627,107731.854582756,18092.7231449214,210.23269816429,NA,146.481964627828,NA,146.94558898731,NA,65.3611773691891,849.890159423169,14303.2427483877,37850.1352138362,2640.78733147227,7685.65558848035,2159.92437583399,1027.07204424243,NA,8054.73355378012,815.988002644967,5129.2863623884,3675.86720344312,2393.23495458207,NA,NA,NA
NA,NA,NA,NA,NA,NA,226.949135630175,1226.76074285883,4087.63510090218,248.189868558646,2011.36720450874,7883.86988342143,1813.78533444279,1632.18224175334,579.791651869901,232.796458141567,NA,NA,NA,6532.78439212441,3059.75502683329,1909.58103257463,2337.00648970585,1674.04116676484,8070.16878058942,6301.3368457364,6851.98962702207,9162.12195541194,8066.97348055804,4779.33651581513,589.402136995328,66.7642403785052,76.1791755539197,NA,NA,NA,NA,NA,NA,NA,NA,NA,NA,NA,NA,NA,2107.43714568713,951.302113061524,1275.81605391572,8268.55323814804,4605.31989808008,5640.26260800365,5486.38428732875,835.313508259548,3355.5370462475,NA,NA,NA,NA,84.6748869611428,329.73727358384,1700.88055396222,2581.88509078352,1556.04134782227,714.780785072327,5770.5518422443,3011.74162222288,6514.17593252516,1212.62946660154,80.3030250711666,87.8675554762795,NA,NA,NA,84.7984814966321,321.758940293365,5260.88101951018,25974.2897950737,17342.1068910178,4320.42926550774,2178.1685218491,1294.08170711118,1607.05200131007,258.632305813046,11967.723528353,2565.58332505532,12228.9477580219,12859.0900907852,8685.02849601275,1787.13170454745,537.223500018266,87.3590265548727,NA,NA,NA,NA,NA,NA,NA,NA,81.2085587649088,1178.4426476374,7619.33432519443,9215.58529732117,1457.42225887009,7114.7416465573,7409.36265588604,5590.5457163282,6703.04752129393,5954.31717358841,8092.7479695335,13845.2586537544,7197.25328313428,5505.40206711911,4923.35761554485,2893.6221013864,90.2965845497487,105.676977815972,6791.89122678475,2082.19273634872,NA,NA,NA
